web-scraper-order	web-scraper-start-url	hot
1578120182-1270	https://www.zhihu.com/billboard	4411 万热度
1578120182-1271	https://www.zhihu.com/billboard	2587 万热度
1578120182-1272	https://www.zhihu.com/billboard	1405 万热度
1578120182-1273	https://www.zhihu.com/billboard	1393 万热度
1578120182-1274	https://www.zhihu.com/billboard	914 万热度
1578120182-1275	https://www.zhihu.com/billboard	877 万热度
1578120182-1276	https://www.zhihu.com/billboard	840 万热度
1578120182-1277	https://www.zhihu.com/billboard	740 万热度
1578120182-1278	https://www.zhihu.com/billboard	492 万热度
1578120182-1279	https://www.zhihu.com/billboard	477 万热度
1578120182-1280	https://www.zhihu.com/billboard	347 万热度
1578120182-1281	https://www.zhihu.com/billboard	320 万热度
1578120182-1282	https://www.zhihu.com/billboard	300 万热度
1578120182-1283	https://www.zhihu.com/billboard	287 万热度
1578120182-1284	https://www.zhihu.com/billboard	264 万热度
1578120182-1285	https://www.zhihu.com/billboard	233 万热度
1578120182-1286	https://www.zhihu.com/billboard	225 万热度
1578120182-1287	https://www.zhihu.com/billboard	201 万热度
1578120182-1288	https://www.zhihu.com/billboard	180 万热度
1578120182-1289	https://www.zhihu.com/billboard	176 万热度
1578120182-1290	https://www.zhihu.com/billboard	175 万热度
1578120182-1291	https://www.zhihu.com/billboard	174 万热度
1578120182-1292	https://www.zhihu.com/billboard	171 万热度
1578120182-1293	https://www.zhihu.com/billboard	170 万热度
1578120182-1294	https://www.zhihu.com/billboard	152 万热度
1578120182-1295	https://www.zhihu.com/billboard	134 万热度
1578120182-1296	https://www.zhihu.com/billboard	134 万热度
1578120182-1297	https://www.zhihu.com/billboard	127 万热度
1578120182-1298	https://www.zhihu.com/billboard	123 万热度
1578120182-1299	https://www.zhihu.com/billboard	109 万热度
1578120182-1300	https://www.zhihu.com/billboard	105 万热度
1578120182-1301	https://www.zhihu.com/billboard	97 万热度
1578120182-1302	https://www.zhihu.com/billboard	95 万热度
1578120182-1303	https://www.zhihu.com/billboard	92 万热度
1578120182-1304	https://www.zhihu.com/billboard	85 万热度
1578120182-1305	https://www.zhihu.com/billboard	80 万热度
1578120182-1306	https://www.zhihu.com/billboard	71 万热度
1578120182-1307	https://www.zhihu.com/billboard	63 万热度
1578120182-1308	https://www.zhihu.com/billboard	62 万热度
1578120182-1309	https://www.zhihu.com/billboard	25 万热度
1578120182-1310	https://www.zhihu.com/billboard	18 万热度
1578120182-1311	https://www.zhihu.com/billboard	18 万热度
1578120182-1312	https://www.zhihu.com/billboard	18 万热度
1578120182-1313	https://www.zhihu.com/billboard	18 万热度
1578120182-1314	https://www.zhihu.com/billboard	18 万热度
1578120182-1315	https://www.zhihu.com/billboard	18 万热度
1578120182-1316	https://www.zhihu.com/billboard	18 万热度
1578120182-1317	https://www.zhihu.com/billboard	18 万热度
1578120182-1318	https://www.zhihu.com/billboard	18 万热度
1578120182-1319	https://www.zhihu.com/billboard	18 万热度
