web-scraper-order	web-scraper-start-url	name
1578119912-1220	https://www.zhihu.com/billboard	如何看待首个国产 HPV 疫苗获批上市，定价 329 元一支？
1578119912-1221	https://www.zhihu.com/billboard	《奇葩说》有带来什么不好的影响吗？
1578119912-1222	https://www.zhihu.com/billboard	90 后的你现在拥有多少存款？
1578119912-1223	https://www.zhihu.com/billboard	有没有两句不相连的两句诗，组合成一句极品诗句？
1578119912-1224	https://www.zhihu.com/billboard	给不太熟的人当伴娘是什么体验？
1578119912-1225	https://www.zhihu.com/billboard	为什么现在男生普遍不追女生了?
1578119912-1226	https://www.zhihu.com/billboard	世界上有哪些著名的好看雕塑？
1578119912-1227	https://www.zhihu.com/billboard	19 岁，现在出海还有当海贼王的希望吗？
1578119912-1228	https://www.zhihu.com/billboard	有哪些极简主义的头像值得分享？
1578119912-1229	https://www.zhihu.com/billboard	有哪些曾经的世界未解之谜被证明是骗局?
1578119912-1230	https://www.zhihu.com/billboard	你读过最惊艳的现代诗是什么？
1578119912-1231	https://www.zhihu.com/billboard	什么叫做「中二病」？
1578119912-1232	https://www.zhihu.com/billboard	微积分到底是什么?
1578119912-1233	https://www.zhihu.com/billboard	谢逊为什么不在灵蛇岛上拆穿周芷若？
1578119912-1234	https://www.zhihu.com/billboard	有一个优秀而又高颜值的女朋友是一种什么样的体验？
1578119912-1235	https://www.zhihu.com/billboard	女儿洗澡被爸爸撞见，爸爸还觉得无所谓，我要怎么缓解崩溃情绪？
1578119912-1236	https://www.zhihu.com/billboard	李子柒是如何赚钱的？
1578119912-1237	https://www.zhihu.com/billboard	为什么中国家长谁都能信，就是不信自己的孩子？
1578119912-1238	https://www.zhihu.com/billboard	如何看待华晨宇参加《歌手・当打之年》？
1578119912-1239	https://www.zhihu.com/billboard	如何看待泄露的 Xbox Series X 以及 Playstation 5 规格？
1578119912-1240	https://www.zhihu.com/billboard	盗墓笔记哪些情节最吓人？
1578119912-1241	https://www.zhihu.com/billboard	月子期间婆婆对你说过最扎心的话是什么？
1578119912-1242	https://www.zhihu.com/billboard	NBA 开赛至今，你觉得哪支球队最有冠军相？
1578119912-1243	https://www.zhihu.com/billboard	如何评价演员何冰？
1578119912-1244	https://www.zhihu.com/billboard	机械手表有多少技术含量？
1578119912-1245	https://www.zhihu.com/billboard	哪个瞬间让你觉得「山东还不错」？
1578119912-1246	https://www.zhihu.com/billboard	甲骨文没提到夏朝，能否说明夏朝并不存在？
1578119912-1247	https://www.zhihu.com/billboard	发篇 Nature 能评上教授吗？
1578119912-1248	https://www.zhihu.com/billboard	打篮球有哪些一般人不知道的技巧?
1578119912-1249	https://www.zhihu.com/billboard	为迎接新年，你购买了哪些时尚单品？
1578119912-1250	https://www.zhihu.com/billboard	证券分析师如果真的那么厉害，那为什么他们不自己去投资，而是要帮别人分析呢?
1578119912-1251	https://www.zhihu.com/billboard	2019 年发布的 5G 手机中，你最想换的是哪一款？为什么？
1578119912-1252	https://www.zhihu.com/billboard	你的鼻炎最后治好了吗？
1578119912-1253	https://www.zhihu.com/billboard	为什么台湾人总喜欢写这种 pop 体？
1578119912-1254	https://www.zhihu.com/billboard	为何大众和奥迪这么青睐双离合？
1578119912-1255	https://www.zhihu.com/billboard	怎样提升一个人的文笔？
1578119912-1256	https://www.zhihu.com/billboard	没有经验能做产品经理吗？
1578119912-1257	https://www.zhihu.com/billboard	1 月 2 日雷军发的 2020 新年全员信，有哪些值得关注的信息？
1578119912-1258	https://www.zhihu.com/billboard	阿斯伯格综合症是一种怎么样的存在？
1578119912-1259	https://www.zhihu.com/billboard	好看清晰的自拍是怎么拍出来的？
1578119912-1260	https://www.zhihu.com/billboard	哪三本书是产品经理必读书？为什么？
1578119912-1261	https://www.zhihu.com/billboard	穿越是一种怎样的体验？
1578119912-1262	https://www.zhihu.com/billboard	如何看待药监局正式发布的「不存在所谓的械字号面膜」？「医美面膜」到底合不合法？
1578119912-1263	https://www.zhihu.com/billboard	为何虹桥枢纽之后再无「虹桥枢纽」？
1578119912-1264	https://www.zhihu.com/billboard	进厂打工真的太累太崩溃了，或者是不是我太矫情了？
1578119912-1265	https://www.zhihu.com/billboard	在你的摄影生涯里，用 85MM 定焦镜头拍出过哪些满意的作品？
1578119912-1266	https://www.zhihu.com/billboard	有什么人生必看书籍?
1578119912-1267	https://www.zhihu.com/billboard	历史上有哪些真实的祸从口出的事件？
1578119912-1268	https://www.zhihu.com/billboard	章子怡宣布二胎生子，你有什么想说的？
1578119912-1269	https://www.zhihu.com/billboard	论文的外文翻译在哪个网站找靠谱？
