title,metrics,title-href
如何看待首个国产 HPV 疫苗获批上市，定价 329 元一支？,4426 万热度,https://www.zhihu.com/question/364411856
《奇葩说》有带来什么不好的影响吗？,2631 万热度,https://www.zhihu.com/question/361889198
有没有两句不相连的两句诗，组合成一句极品诗句？,1470 万热度,https://www.zhihu.com/question/359948448
90 后的你现在拥有多少存款？,1394 万热度,https://www.zhihu.com/question/294492829
给不太熟的人当伴娘是什么体验？,904 万热度,https://www.zhihu.com/question/35331322
为什么现在男生普遍不追女生了?,867 万热度,https://www.zhihu.com/question/293912588
世界上有哪些著名的好看雕塑？,830 万热度,https://www.zhihu.com/question/51360968
19 岁，现在出海还有当海贼王的希望吗？,734 万热度,https://www.zhihu.com/question/363169587
有哪些极简主义的头像值得分享？,484 万热度,https://www.zhihu.com/question/29173647
有哪些曾经的世界未解之谜被证明是骗局?,484 万热度,https://www.zhihu.com/question/332265335
你读过最惊艳的现代诗是什么？,352 万热度,https://www.zhihu.com/question/337830799
什么叫做「中二病」？,323 万热度,https://www.zhihu.com/question/364137915
微积分到底是什么?,307 万热度,https://www.zhihu.com/question/336322284
谢逊为什么不在灵蛇岛上拆穿周芷若？,289 万热度,https://www.zhihu.com/question/340838872
有一个优秀而又高颜值的女朋友是一种什么样的体验？,271 万热度,https://www.zhihu.com/question/314826437
李子柒是如何赚钱的？,225 万热度,https://www.zhihu.com/question/275619158
女儿洗澡被爸爸撞见，爸爸还觉得无所谓，我要怎么缓解崩溃情绪？,214 万热度,https://www.zhihu.com/question/305017504
为什么中国家长谁都能信，就是不信自己的孩子？,202 万热度,https://www.zhihu.com/question/364078816
如何看待泄露的 Xbox Series X 以及 Playstation 5 规格？,177 万热度,https://www.zhihu.com/question/363994145
盗墓笔记哪些情节最吓人？,176 万热度,https://www.zhihu.com/question/291231413
月子期间婆婆对你说过最扎心的话是什么？,175 万热度,https://www.zhihu.com/question/362444251
如何评价演员何冰？,175 万热度,https://www.zhihu.com/question/363672136
NBA 开赛至今，你觉得哪支球队最有冠军相？,170 万热度,https://www.zhihu.com/question/364419653
如何看待华晨宇参加《歌手·当打之年》？,168 万热度,https://www.zhihu.com/question/364137040
机械手表有多少技术含量？,155 万热度,https://www.zhihu.com/question/25160832
发篇 Nature 能评上教授吗？,135 万热度,https://www.zhihu.com/question/363859160
甲骨文没提到夏朝，能否说明夏朝并不存在？,134 万热度,https://www.zhihu.com/question/358977342
打篮球有哪些一般人不知道的技巧?,127 万热度,https://www.zhihu.com/question/329202987
哪个瞬间让你觉得「山东还不错」？,116 万热度,https://www.zhihu.com/question/359217143
为迎接新年，你购买了哪些时尚单品？,111 万热度,https://www.zhihu.com/question/364281489
证券分析师如果真的那么厉害，那为什么他们不自己去投资，而是要帮别人分析呢?,106 万热度,https://www.zhihu.com/question/347910681
你的鼻炎最后治好了吗？,100 万热度,https://www.zhihu.com/question/338233160
为什么台湾人总喜欢写这种 pop 体？,97 万热度,https://www.zhihu.com/question/41215541
为何大众和奥迪这么青睐双离合？,85 万热度,https://www.zhihu.com/question/360287827
怎样提升一个人的文笔？,84 万热度,https://www.zhihu.com/question/19591218
2019 年发布的 5G 手机中，你最想换的是哪一款？为什么？,82 万热度,https://www.zhihu.com/question/347769178
没有经验能做产品经理吗？,72 万热度,https://www.zhihu.com/question/19628561
阿斯伯格综合症是一种怎么样的存在？,64 万热度,https://www.zhihu.com/question/48285012
1 月 2 日雷军发的 2020 新年全员信，有哪些值得关注的信息？,57 万热度,https://www.zhihu.com/question/364280510
好看清晰的自拍是怎么拍出来的？,20 万热度,https://www.zhihu.com/question/267598322
哪三本书是产品经理必读书？为什么？,18 万热度,https://www.zhihu.com/question/20752514
穿越是一种怎样的体验？,18 万热度,https://www.zhihu.com/question/30676575
如何看待药监局正式发布的「不存在所谓的械字号面膜」？「医美面膜」到底合不合法？,18 万热度,https://www.zhihu.com/question/364373508
为何虹桥枢纽之后再无「虹桥枢纽」？,18 万热度,https://www.zhihu.com/question/51229640
在你的摄影生涯里，用 85MM 定焦镜头拍出过哪些满意的作品？,18 万热度,https://www.zhihu.com/question/297635997
进厂打工真的太累太崩溃了，或者是不是我太矫情了？,18 万热度,https://www.zhihu.com/question/345387686
有什么人生必看书籍?,18 万热度,https://www.zhihu.com/question/323151892
历史上有哪些真实的祸从口出的事件？,18 万热度,https://www.zhihu.com/question/36994899
章子怡宣布二胎生子，你有什么想说的？,18 万热度,
凯迪拉克的车到底值不值得买？,18 万热度,https://www.zhihu.com/question/317787638
